,CD4.prot,CD8A.prot
752503,5734,63
187120,2226,102
352573,3835,49
35153,4654,466
810616,4077,302
647415,2122,32
842098,2101,46
630936,4173,392
561650,4366,93
584298,3103,46
323611,138,127
133143,1572,17
35498,3747,76
352162,4588,46
884119,6522,83
384374,2571,60
302907,1669,92
101103,3108,77
396137,1107,42
194101,9144,116
19786,2560,25
628536,4259,229
686228,7001,173
87939,5363,73
384244,1398,44
571161,3854,50
407661,6877,463
529720,39,451
63596,1802,37
218914,4629,147
251576,8663,108
697496,285,4138
155047,2077,87
498606,1999,30
467673,3947,82
59617,5403,111
460335,5451,223
236187,4025,232
365096,3394,77
84155,6096,55
199467,111,291
594161,1240,66
407522,5547,228
492898,60,130
146303,3063,62
826241,2288,79
44439,3749,128
456068,3362,59
312526,1182,74
152787,5193,75
248653,4229,102
870637,8383,92
657316,3925,413
708092,3287,54
371358,72,5076
465739,1900,48
640931,37,73
390416,980,47
88024,1834,75
503175,2478,251
300616,840,81
538856,5399,189
661022,3001,58
411130,2217,51
393250,3017,76
654103,1784,87
799650,1125,126
654371,1498,80
131608,3008,84
548788,3992,43
820016,2389,80
249774,1178,129
407860,1124,73
484594,1814,51
34514,7549,173
636717,4760,99
611863,2796,37
508204,2406,19
83192,6237,727
391495,4243,44
602588,1514,94
2312,4139,115
631396,461,45
332297,4046,39
439203,587,62
425780,4685,89
105502,736,56
155011,581,33
508217,3247,279
863327,2965,69
269316,1786,79
448588,1451,96
858244,2809,95
151816,1227,22
375417,226,321
605929,1285,68
111654,2523,27
471666,1373,167
193941,2021,47
807909,953,63
457128,4827,92
509372,1828,50
338125,244,1238
491657,3832,69
37884,3879,72
156613,1957,83
795331,2589,155
361096,1527,27
500158,89,197
109010,2976,221
363273,2631,43
807139,3739,100
752292,311,226
473887,4426,41
790905,6218,149
274537,3831,48
30607,6354,150
65332,2802,103
479873,700,159
368393,2368,24
724691,4094,107
203376,5307,405
511798,981,122
840227,2033,88
530570,4222,93
223072,84,61
590374,62,221
414726,35,45
223610,1538,96
686407,2672,35
753508,2455,5418
602089,715,28
9168,4604,300
281028,3925,67
176380,364,467
302770,5170,72
263,1339,104
195739,1897,77
65589,2057,45
102766,4916,59
425060,5304,74
775066,3322,71
401334,2154,118
92714,4804,163
679868,3350,62
838597,5497,136
217252,462,20
300479,305,119
751239,2218,59
436583,76,188
437160,1237,26
712575,2665,26
794824,1666,44
356506,3267,62
251526,9191,320
642311,1712,52
212930,2480,452
197741,1715,72
76067,933,154
219630,2321,43
245296,2509,184
375567,2601,55
653093,3228,101
447589,2160,33
198744,3898,394
631347,1268,61
616069,3491,390
256375,2286,303
362071,801,36
203820,5586,341
60266,2534,62
210906,1329,145
439143,6692,544
8552,1268,93
521085,1213,83
137127,5740,425
205025,994,222
224469,4095,161
33837,4911,456
575806,1560,26
869480,2358,51
190560,4338,39
586880,4063,30
596089,7431,316
758046,3633,9
621445,2376,45
33410,2071,59
235225,1455,40
98644,3888,47
148889,2824,59
395160,1765,39
132846,1712,107
378980,1576,45
231481,5694,234
822837,811,16
306759,8116,134
747299,44,147
217139,2546,248
257094,1896,52
463999,1836,87
791913,145,93
49310,5877,237
726806,7166,205
747022,2811,217
630155,4180,199
506343,1061,24
830029,4047,65
158695,2953,83
803121,3571,122
542689,3810,473
397337,1753,36
105197,2031,32
77965,2448,83
236190,2939,199
601624,5192,96
776570,2326,57
792941,125,250
159084,1433,35
200862,2329,86
664053,9400,745
292421,4083,20
492748,1509,26
821693,2279,73
163909,5047,224
622199,3444,161
437930,75,205
230770,1876,35
533010,1602,93
548665,1260,67
121159,6890,35
249288,1751,78
378824,39,116
379255,1530,149
563669,3421,51
257491,4017,39
219706,1613,145
333349,6579,754
254384,3645,927
637397,7564,158
830392,5642,253
27593,2853,32
82443,403,1195
321493,1269,35
692983,4913,50
762288,3478,89
633440,63,160
13168,2913,48
496745,1355,127
747024,2618,141
202772,1898,135
573503,2154,89
404453,1271,63
869139,5835,99
480371,1344,26
153678,69,114
459302,3258,72
291967,2602,153
466273,3560,316
162185,2376,56
350205,1904,49
788351,3935,27
442138,1240,38
498239,2240,104
96365,2566,55
470348,2766,214
571510,1146,125
757172,5492,58
450059,4939,34
504508,19,2072
120104,3928,90
493728,4729,80
254589,1854,143
141689,1928,80
875564,2250,33
192426,4046,264
485011,3066,242
846136,4472,56
750854,2896,49
80528,2045,103
451361,5325,166
695549,2298,125
546801,5559,66
648944,1048,63
286292,32,79
329432,434,13
378603,1936,67
202393,11,39
266092,3136,111
373372,772,134
173677,1060,40
731104,3603,217
801616,1726,178
127034,370,42
456872,3597,120
705173,54,84
796003,1882,259
97633,2184,129
337878,4117,24
635949,2198,44
626123,3643,39
273456,2532,67
739400,2775,119
593247,5112,106
663540,2608,121
819171,3768,62
632778,2804,92
529249,1619,85
432799,2325,60
445457,3034,64
6134,1605,73
72040,53,95
744877,1690,94
62634,21,32
194505,1731,210
324544,4136,68
458975,1529,82
216496,4317,181
293569,3457,100
479135,3373,379
171754,4760,55
625687,3792,108
858668,2111,78
653099,37,68
488034,4033,37
525089,3455,124
770218,6387,262
191519,2574,190
297025,3106,43
762968,51,160
449267,2795,53
369110,2515,51
652760,3517,79
208490,1166,159
102022,2626,64
458916,178,26
609834,73,167
301817,1543,340
592,2468,52
126410,5034,67
219101,3955,57
707232,1276,85
425232,4154,67
455562,837,280
496160,1979,121
61938,5119,80
172506,2366,89
725145,4865,146
279545,28,102
18393,2544,45
556352,2304,598
852205,1940,44
200287,3831,117
570966,3401,126
648542,2415,34
595451,2124,50
45720,363,63
128065,4860,97
673223,3408,79
532869,1612,81
735977,1743,23
126290,2775,70
379433,41,68
358640,4039,67
505412,4570,40
130652,1534,56
523604,4021,81
656865,3132,58
251705,3129,55
722812,1510,78
356156,2098,85
345440,3340,28
39670,2002,69
125292,1304,243
750293,4628,60
577900,2860,100
238746,2717,459
574177,527,55
120267,2071,116
617444,13,36
845023,2107,85
133202,4929,117
346178,6626,492
649928,49,5803
238596,1406,47
586170,6137,62
93316,3176,47
836374,2275,100
323446,3528,91
385496,1945,79
554688,4953,42
58870,1878,35
318451,4166,100
384813,2778,61
619731,519,28
257918,1721,41
281653,1781,96
66518,880,26
500705,3883,36
7206,4305,61
450454,1489,122
381087,3847,78
581374,2588,70
468508,3920,32
31532,46,108
451351,1249,126
268955,2033,67
561214,2193,117
34188,55,3072
163320,2868,41
483566,4969,237
96276,468,105
607183,5071,292
691081,2138,117
218204,6878,200
822797,2848,82
91723,4845,50
488607,2146,3905
99115,3747,69
169893,3472,31
172404,5075,70
380630,4701,127
235409,1968,29
216383,1277,23
548336,1721,48
609938,4824,82
235264,2065,59
433777,2722,48
613103,3258,75
472879,1730,28
505731,2900,163
625620,1682,94
661751,20,95
36445,4371,77
537382,922,185
560881,2880,123
555728,88,222
457370,3801,48
100484,5907,60
617946,4108,72
682603,3383,186
865009,1805,55
396665,926,78
381577,1717,50
309695,3281,63
513690,1224,287
108251,1964,163
637200,104,126
361038,5041,54
7023,4633,67
824758,2234,56
322965,4318,59
592628,3989,59
642751,3444,71
45911,15,28
587425,2675,48
510848,23,55
363254,7,19
712162,2834,43
793633,2106,101
475301,3443,115
845082,906,173
523799,3485,65
676729,4319,277
771378,2009,78
596814,3696,58
357027,4289,92
237709,1349,46
720577,2621,201
855063,1759,66
231147,2976,46
805,4563,47
207320,2892,85
863922,1004,57
610047,2856,57
229793,2555,60
626080,32,79
533143,1279,20
260037,1540,28
272259,29,51
466043,2705,110
435831,3194,25
606122,487,25
501355,4479,48
879904,58,127
10351,2469,72
627171,1712,50
412191,2112,114
357321,3478,31
74783,4048,65
810314,1684,22
859314,2252,168
13202,2347,82
58888,2909,64
556715,3854,60
605714,2357,32
83410,2326,27
338296,765,51
379475,3863,26
526976,1599,79
672429,5780,83
603940,2563,110
720260,1773,60
456528,2898,95
197345,1925,105
187574,2591,61
526608,2176,107
645270,6363,162
31556,4506,85
142925,3953,7091
882356,3679,69
394278,4383,57
499569,1231,67
401139,3496,79
456193,36,67
45103,2946,58
443691,1981,32
189482,2526,98
611145,2212,45
742770,1539,54
160003,9892,97
402499,1860,119
190607,73,244
482807,2915,35
766338,4277,44
37783,3151,102
427819,2998,148
74594,4696,56
65714,1276,393
342199,2192,49
813533,3845,60
880246,4431,109
163834,1720,46
620639,732,1358
312882,3354,146
215819,2368,78
456097,4327,99
543350,2164,166
296578,4225,63
303866,2298,56
335455,4738,190
718184,17,2914
473285,1374,34
201932,2006,63
846765,5973,116
152720,3220,110
213359,3,0
446606,4215,50
532743,1272,287
710065,3589,210
128491,4914,73
744841,686,78
138763,3179,57
346498,2455,43
578590,2268,343
575065,3653,53
799432,836,14
419246,1608,53
387036,937,49
639556,2460,45
630877,1525,35
846331,1668,413
504454,4902,56
207554,51,861
580627,3606,55
231696,4053,99
209526,2033,28
129698,1205,19
187275,2696,52
359261,3447,29
471929,3945,28
710637,4335,219
868230,2982,37
148067,1258,79
109114,953,62
519694,2762,53
678674,3359,950
4309,3544,70
90344,3428,73
583684,1938,225
354427,18,40
360671,3558,55
722510,558,105
344117,1888,57
566867,1801,244
244699,24,68
462822,2037,42
189663,1920,51
371556,3376,396
603771,2082,24
876214,2263,43
165919,2318,47
878195,1874,655
760215,1789,46
88674,4545,75
165515,1860,65
324824,808,25
324430,2372,40
492267,1819,34
104586,46,121
75212,2622,63
324191,4228,135
570126,1893,46
709999,2137,118
690818,2772,40
585647,4035,71
855469,1499,101
71127,1835,249
659020,4836,105
258639,3823,48
568181,1016,34
45917,2757,40
251152,49,1598
61280,4406,158
468207,787,561
227531,682,1280
243871,14,4347
247858,1831,54
224756,1698,27
431911,3147,31
496602,3466,31
839931,1450,45
774645,1107,86
64262,4844,54
191128,4210,49
267743,1764,227
784745,2216,161
397488,20,3683
648195,3348,52
235425,115,212
524549,3679,95
423563,1689,19
457268,807,187
264328,716,71
342387,3451,97
658277,3306,38
833819,6251,271
839636,1214,139
1354,4549,50
448794,265,30
528525,4445,33
650009,58,3720
69660,1421,164
317227,27,55
56022,1834,72
213322,4465,18
726927,2044,86
399947,13,3236
577531,3616,40
595299,1908,135
525146,3231,69
117679,3685,1296
270433,2716,55
331788,3234,3835
632592,2903,48
190563,936,78
272120,4010,136
73549,29,3870
818821,32,2389
261925,2314,314
780820,2528,48
173117,14,53
25238,5258,64
482495,2568,40
93458,2065,30
570469,2561,65
201521,814,60
750756,3639,322
444865,77,105
865413,3783,86
529237,2223,60
102397,27,52
95450,3023,57
365352,3431,71
427912,2267,64
38511,3785,72
429564,3532,38
617799,3752,285
233462,4192,96
325884,3275,36
536091,3257,65
821614,40,129
97811,2831,123
104610,2158,109
583305,3906,36
733967,3046,90
517937,4474,59
708057,2292,50
661721,54,319
803858,4014,41
640407,3601,114
129890,3224,747
466904,4077,73
440053,2556,26
273249,3452,89
303626,3676,80
591075,3089,33
132425,2718,30
386288,2891,77
364061,2656,26
14605,3376,88
151422,29,40
651097,42,109
590770,1196,96
466585,1544,138
753657,3171,189
535170,461,25
73961,946,114
626097,3077,81
743913,4355,55
40848,5216,68
28352,125,58
624932,3991,41
228343,863,48
712078,3470,109
805229,5932,78
1168,3526,47
382219,4220,57
235654,2882,17
715416,699,31
191573,52,107
773467,1320,110
692627,2440,218
377894,4266,50
652023,1040,14
169691,3849,113
190241,3161,56
30136,3868,191
542746,1438,69
3153,40,91
43456,1759,59
151191,2530,77
421062,2433,30
433203,4358,35
448072,3210,44
750433,1506,34
785807,4607,39
280416,19,5520
543115,2706,91
40513,3094,41
205200,1450,182
342483,2396,52
113429,2847,39
550410,2030,57
367158,5507,43
21643,1203,394
59466,2852,90
308054,2731,22
576739,2758,32
297576,5100,103
103553,909,47
672308,3700,50
102334,4480,87
62117,2242,32
62652,4142,91
647368,2329,30
847287,2152,28
701958,40,4369
130729,3566,49
868037,4403,61
41052,1247,16
134070,2079,113
618666,3880,34
321663,740,219
843640,1134,70
858366,2033,66
66129,3282,88
165504,3358,114
572271,1312,38
90783,1275,123
490706,872,35
865937,4728,41
229058,1441,387
6873,46,73
237787,783,435
130477,3156,25
727941,4791,1197
98154,4273,126
139615,3435,64
847045,1679,71
462971,2626,59
133142,385,124
362927,1321,66
504749,3279,47
831723,1851,194
283420,2326,10
539808,2169,48
635906,4677,28
767470,2366,48
552299,2540,57
771215,2253,57
755327,3494,46
283016,326,132
754965,1457,13
630274,3512,22
650973,3657,109
169940,2491,51
598399,1517,21
522147,1819,48
305474,23,32
877838,3154,41
111492,3074,45
847435,2557,81
315806,3179,218
843975,4406,50
405500,2785,81
741382,2575,38
518524,4600,50
47302,921,27
147978,2631,40
331255,3706,117
230066,3209,82
466567,2315,58
743586,5470,265
819262,3972,47
589837,47,158
797780,37,6765
211158,2276,64
688694,1976,95
150609,31,99
552980,2452,101
123543,1490,259
158582,4088,69
99444,3860,106
35687,7,13
744165,1192,49
212285,3585,46
848770,4216,31
591568,1889,239
7552,2568,51
645656,1020,107
297451,1708,37
564117,4057,63
842401,3204,18
299170,62,51
463241,72,44
73479,29,39
211245,3785,24
486027,20,933
764218,2880,62
96945,3679,51
189430,110,149
335895,1372,28
463578,1417,231
722156,3495,61
1715,552,54
645934,2686,36
27333,800,489
166957,3415,136
481308,2226,68
837343,1965,46
266454,322,60
274232,516,818
658724,2791,52
318294,846,76
515670,611,33
35445,2871,37
105357,2398,122
331151,831,13
110563,6270,69
235195,2021,51
221022,619,32
511791,3474,39
320873,2949,43
329575,4161,129
327663,681,179
133483,3107,47
602314,13,3226
218197,4527,55
277077,2653,44
740475,2185,37
224978,3048,64
243495,108,134
353093,3063,70
338642,3504,16
253438,842,180
264059,3892,64
145537,2672,75
561462,2587,358
213797,660,41
643782,1313,21
726046,3119,60
449519,11,882
345374,3420,144
457993,1824,58
773507,2012,52
248876,2558,48
648985,738,36
186096,1606,32
646246,480,300
815471,683,158
266984,768,20
382950,2957,65
460858,3420,46
55027,2072,800
176639,9,33
658340,1938,52
485330,2619,243
186653,4538,39
67104,2791,24
345578,3753,44
98632,2924,42
489694,3371,45
108402,4343,122
402140,537,20
313796,2639,112
422394,4448,43
97900,5457,76
759360,3171,54
278814,2388,29
652775,2058,40
170446,3051,74
529694,881,49
766249,60,3109
778491,1445,270
162262,3078,131
786751,2208,54
23515,2279,42
325141,4025,41
740694,3716,215
158957,1814,285
136692,3128,56
650465,3773,54
696784,950,34
34927,38,188
858615,1343,31
138888,3591,53
511237,1956,13
48165,2992,52
319873,2727,86
352071,2646,62
421279,3353,68
226502,1793,35
321587,3172,31
319744,3760,59
705602,1787,99
844453,37,4743
701298,611,127
158513,2091,396
188382,4145,96
662297,635,448
177958,2975,53
629754,3053,81
217240,1086,30
14902,401,19
813464,3946,31
422850,3190,52
841500,1804,22
250001,1635,31
408260,1963,13
748689,1595,401
84856,375,74
181071,3810,24
854027,61,149
323613,905,263
738469,1837,44
236526,1726,87
776462,2409,164
25244,1931,47
296083,2211,36
458720,32,83
859127,3932,97
821558,2017,47
98246,2530,99
465754,2832,18
499031,420,32
28777,474,45
352430,562,392
550629,2691,68
798245,2621,66
256710,1181,131
536698,5299,345
404013,4524,52
491695,1243,71
631645,3174,56
126789,3120,37
818943,3195,38
195425,4717,74
494848,20,6059
836170,1903,32
65360,3530,50
432672,210,66
381554,2812,32
382782,5551,49
861260,1148,22
397211,2972,50
827056,1803,62
82214,2122,103
137218,1173,328
309011,3455,85
402690,872,99
17019,1115,46
680060,3317,31
694596,2145,123
38155,3029,31
380281,2144,41
794567,529,57
688465,1019,423
875040,4962,45
143172,3014,41
518902,2950,91
601185,2280,62
625099,59,2946
400149,3430,197
199252,1622,26
297084,770,59
290761,2768,35
288068,767,299
773045,2893,28
97198,3502,49
188900,784,202
134248,3,16
302942,2525,116
840196,1930,66
538984,1039,114
861337,14,3753
393162,31,4159
624996,494,793
725175,2158,33
247285,2956,65
527116,1473,233
659128,4399,22
696788,1110,39
526946,724,58
810491,4971,55
736396,2856,72
358167,780,75
385063,30,28
71324,2977,24
626947,855,1259
229152,172,58
633930,2095,59
715706,4879,52
579585,2173,49
751730,1124,274
796310,2781,56
38108,2739,53
604415,2082,44
624339,252,18
849796,2971,74
40555,3046,136
647843,3370,150
787057,2938,222
308369,1853,38
577178,2411,62
327293,2601,47
820253,3289,38
148673,561,72
577550,21,44
579051,3123,37
662093,1063,106
267508,101,3696
101957,2990,152
593696,3771,61
214038,2640,52
534782,2863,92
737915,2684,23
747480,2695,330
124411,3108,60
251699,2638,116
292371,967,34
319212,2300,52
334097,3585,21
510797,2881,40
613853,4217,94
710256,2101,3
101866,488,85
647027,1894,58
123508,3499,45
842271,4385,46
760093,18,3693
288782,2446,24
271153,1473,65
204400,3365,261
481222,3567,45
22588,2944,84
404127,14,36
817946,2393,55
722502,1812,35
872587,3928,81
411180,2019,58
673334,2117,76
33168,444,32
313582,1733,24
407532,1941,97
782248,1100,60
677603,3337,90
132334,586,55
800721,2523,49
865064,2714,87
556299,2062,57
856862,193,257
138165,2037,39
524306,18,680
747837,2099,46
768240,1230,95
644022,1962,43
730408,1751,133
145867,22,1
600866,1639,57
54865,3545,68
226879,2892,33
426783,1224,17
216907,3520,59
177021,2891,44
449618,2692,50
799608,1289,182
24445,3505,53
305518,3207,59
807469,4726,62
488005,1634,103
868581,25,50
200638,4641,76
771924,3319,46
702792,4092,106
713856,1477,191
138925,28,43
220433,858,31
240625,20,83
268805,2360,80
506896,2122,71
878125,2182,74
209633,528,144
261397,925,39
701043,2960,24
184824,31,75
696909,937,41
752552,95,36
265708,1474,40
837004,2207,17
118363,1106,512
644943,2703,34
204326,3028,71
416955,2084,59
441032,1894,105
25924,4085,8
387750,33,65
763911,3901,42
188698,1188,144
368918,1173,37
454964,16,739
206210,17,49
524801,20,42
736476,3270,40
742701,3607,53
784055,27,2295
33907,3517,54
206953,4642,80
725370,196,81
235081,1202,27
756617,2556,38
840619,4654,36
606145,1109,62
727058,5017,72
464485,53,759
545981,1890,19
206612,3299,31
213516,2575,106
755556,3482,41
869765,4244,88
870194,1622,104
245915,4671,45
297950,3693,81
703036,1969,199
168612,1358,30
803968,2416,70
193326,2736,60
754853,1386,28
863222,2711,61
21896,3791,61
822657,2947,39
191443,3792,39
412429,1087,692
206690,325,10
689487,3181,183
668272,2180,44
811474,2775,81
605117,3193,31
760958,1249,50
115480,2807,35
193086,849,297
737067,3128,108
774993,1147,55
110724,2832,29
683481,1022,56
474042,999,756
592050,3,0
876472,4200,103
13747,2065,26
441478,715,30
570562,19,31
214282,2992,89
724260,1606,37
80804,12,99
263361,1993,41
86331,1162,46
379691,862,91
706269,3558,40
157271,2102,24
275642,36,139
297776,3277,69
595395,1281,73
374379,750,208
455820,2380,55
81130,2201,21
614618,3888,123
744444,1523,81
789112,148,22
827900,16,27
483576,2299,290
673697,109,369
721891,2516,78
758673,2943,46
822430,3364,60
741316,4068,133
161734,1417,51
875458,2899,40
153308,2094,47
763593,473,70
406374,1568,42
831950,1303,21
688562,1398,74
827275,12,1315
855059,2296,32
743786,3226,27
248968,346,65
454552,3064,36
599369,2172,41
405337,756,143
687679,1262,15
179116,2144,68
503436,75,89
560166,553,111
724020,4161,51
767663,3424,28
877326,2194,28
742136,16,2240
129977,1791,722
309783,597,144
829883,746,542
35341,457,1384
267193,3021,59
689664,1183,35
795826,22,3716
245835,2942,70
362125,2459,21
436067,32,80
485901,1168,273
690057,2858,28
747967,3131,69
794392,1312,173
236529,1730,72
482271,2341,98
703858,47,60
751400,1169,66
46299,2559,156
752383,2409,112
823903,1970,62
102175,2968,47
132643,3748,78
203178,1933,122
514772,13,918
387178,2703,33
495432,1538,121
702871,2338,82
763402,4299,41
829657,3965,123
559004,1658,58
697117,1957,160
768457,1930,102
757943,1945,37
233752,1066,177
683513,373,38
373743,1772,55
505238,16,1214
722912,1635,28
6936,380,59
604386,2353,79
499903,19,142
578161,485,140
671635,945,186
851826,2538,73
882279,1108,173
859243,1868,56
362963,18,407
311045,249,48
653952,1617,74
759008,3076,39
666826,2509,65
198787,1260,669
307510,1074,16
624795,731,59
844422,66,4264
83372,3137,125
741618,273,169
340746,4319,37
344656,1770,55
656220,1450,60
367814,2534,77
852517,2911,52
17614,2468,73
592307,2842,130
662736,3640,46
763859,23,58
46363,525,43
93600,2151,64
634847,26,176
262409,3411,51
356424,67,147
765262,4186,59
801238,1264,44
745066,3793,260
768031,3150,35
141668,891,118
710930,3128,98
298610,35,328
494696,20,1255
599585,12,91
862286,2453,43
459675,1391,147
232528,2297,83
105367,2235,40
777746,3652,68
512833,3812,129
139278,1655,165
88067,100,42
239533,1189,136
451823,2590,101
472260,1022,47
508839,54,161
295165,3762,18
432110,4043,77
43466,609,155
836003,57,109
396445,3,2
473529,29,3015
704331,27,241
191587,1460,24
242973,2683,49
372756,1770,47
761492,1519,84
873474,665,1858
118545,29,75
239908,3784,62
240619,20,58
486658,29,6737
606778,58,51
828192,890,97
120615,64,14
311528,2559,30
572194,1808,43
598365,35,97
760233,562,356
766692,3509,53
131181,1950,522
576821,2277,71
484535,1742,49
656819,166,14
768781,3117,78
215429,2449,42
489071,1833,31
88148,4225,61
808795,2707,65
809978,15,57
333079,3186,25
741683,20,81
796164,3056,22
24339,1680,44
686365,66,192
777891,2022,94
815783,1947,72
876014,2957,10
136300,14,98
752712,2131,62
777085,1726,99
751514,59,2264
147354,5934,74
596606,1345,17
866066,2746,52
263156,661,48
361536,835,48
597512,2306,95
797952,1683,37
231257,12,3821
787201,1986,58
432030,2782,80
436643,1992,59
90506,1061,994
262609,22,5383
401371,3171,64
130031,3720,91
594362,250,1704
675979,2153,35
723727,3438,201
495314,417,17
651976,1032,9
836331,909,85
853675,1303,119
242388,3386,48
383198,1603,75
669143,1084,228
803735,1532,31
36093,26,182
357038,255,184
640020,23,30
807553,2323,141
414773,3672,34
875081,564,52
57284,2684,34
789460,1322,50
225564,57,6112
216183,2724,33
758684,746,27
875951,2458,53
111028,2072,59
319959,2740,22
876329,25,45
519298,3626,68
698534,789,133
771139,31,4290
872581,1609,85
383919,3799,90
794056,2615,109
828658,1135,143
861065,21,56
525683,5569,340
112898,4615,48
65405,1604,185
287157,2258,31
235160,58,22
419127,517,108
845367,2765,60
421563,935,31
559597,3836,53
873750,3399,88
850297,2755,40
857884,2746,63
873623,1423,56
309130,3566,69
820400,2514,72
194780,63,92
229771,236,61
797904,2598,35
28631,2966,54
667867,2288,45
797128,258,4
244017,9,27
592201,983,150
638897,299,10
729104,950,108
606508,690,54
820386,1964,119
527515,13,1562
582908,388,38
814618,48,92
336392,3029,38
513669,2673,971
4000,660,194
407233,1374,141
772139,514,67
547977,38,4352
840007,2102,79
432009,26,153
638030,2351,36
26746,492,33
345336,2126,35
687470,107,216
711297,3523,61
243267,592,164
878168,3955,47
33298,76,664
825474,45,62
649719,267,4
776980,1067,104
91882,3488,32
537194,307,118
711926,2113,19
745760,2869,60
605618,3682,29
827729,2476,74
138455,15,58
557805,52,227
760161,2353,77
815741,1571,26
183313,289,91
673664,2613,145
294933,1822,66
483790,828,305
387534,2822,123
490352,3193,56
46761,3052,80
302257,989,272
742522,1036,176
770087,14,2256
804561,776,48
197512,831,247
697040,1270,201
131441,1599,229
554323,1565,78
669833,3269,59
35348,12,489
156390,3326,44
854046,1574,55
287764,78,12
545365,106,2079
764535,372,19
876242,15,332
705184,1634,80
777381,922,25
356116,23,988
41513,1824,125
664753,2167,24
613926,3743,91
789693,2098,122
264712,312,65
294787,3501,50
273261,2831,51
436032,939,19
294322,1557,104
822478,1812,28
301569,121,28
582009,1074,25
194166,1445,39
354092,539,43
31895,950,104
163565,838,187
557338,17,1079
114863,0,0
838226,524,194
337300,0,0
596658,0,0
122820,2345,59
649040,1,0
608207,49,29
703067,2111,60
281355,780,61
794323,3408,54
835369,4669,435
695925,964,83
875293,2577,60
334346,1640,60
838849,516,97
687325,10,56
744184,2505,107
636492,24,32
373341,3110,41
487739,3238,43
782038,1280,23
815798,1505,119
241509,2155,42
764052,1966,71
795976,119,2
213973,805,6
207329,198,36
544702,59,43
767878,57,732
877322,185,62
126842,0,0
834941,1263,30
853657,1,0
476868,433,23
478687,3399,26
673439,2214,29
419532,1839,71
88708,82,5279
550589,769,6
792825,788,16
841464,274,93
695963,2982,56
790437,1315,122
882644,390,2
745742,2761,138
235934,147,88
412164,9,17
504511,5,61
241984,1757,35
414035,2438,37
182870,1877,45
505791,3739,71
644653,22,736
731218,1668,112
743721,2990,388
246883,458,133
620349,1157,426
175356,896,93
336969,21,26
218010,33,70
327128,127,2
208711,674,141
334347,2026,23
75388,834,129
515417,351,29
213000,10,135
6505,1629,56
442649,1487,131
247139,2757,48
302711,390,102
770847,790,437
483078,4164,43
369684,26,71
855134,771,126
35432,15,50
118922,1,0
732309,0,0
777175,1808,17
807626,0,1
642822,419,162
114226,0,0
622358,36,48
423176,320,45
437093,71,57
762551,888,10
146645,0,1
702271,1428,151
648567,150,2
824561,1236,44
834027,259,27
345431,181,62
533781,0,0
479328,0,0
649672,317,2
100263,0,0
360060,2214,124
650230,1437,50
131177,1322,70
482041,1924,56
523232,0,0
641887,176,15
744019,4394,30
568131,2587,53
132504,2657,22
155278,42,97
878027,3635,31
872211,169,58
321912,1521,35
785513,1482,71
28233,2457,58
517178,140,20
414840,18,37
713887,111,98
831819,0,0
290616,18,51
303899,27,56
320392,3377,161
81261,12,30
419259,284,62
767920,0,0
512159,0,1
33675,452,41
218109,13,99
493010,127,2
668572,32,1402
297238,5078,93
410296,58,2825
184770,54,167
234751,0,0
323375,256,41
587516,178,18
591239,1138,96
878493,1790,61
42322,899,58
324075,1262,44
878758,118,37
810430,0,0
615766,224,98
735476,19,46
261793,0,0
607409,3344,46
653820,28,63
502546,38,82
530823,16,44
605390,0,0
270405,28,46
415672,2358,28
439353,1016,377
544031,16,36
858410,0,0
861618,310,29
28586,317,84
359045,70,143
465662,127,64
475151,77,45
832875,154,19
38059,0,0
804899,3787,55
821917,21,33
132183,13,24
211773,44,72
611791,76,43
225277,0,0
332061,1839,47
711467,0,0
129459,0,0
295791,194,62
350803,184,38
426340,0,0
248992,1,0
494011,1,0
113197,0,0
295923,1,0
599105,0,0
69493,95,9
613094,30,81
238358,1,0
342671,311,84
820804,802,71
48429,115,53
160721,1270,37
167858,1,0
439436,10,10
105046,0,0
700182,120,209
741099,149,45
764911,0,0
862255,1426,202
176964,0,0
193312,0,0
212019,0,0
277128,337,67
354734,87,76
366680,0,0
601942,16,1062
344540,132,61
501602,36,58
620883,60,1
417104,0,0
841824,3993,110
873189,8,35
197565,16,9
371850,0,0
398677,85,89
465395,0,0
224778,0,0
288423,0,0
325976,51,2
420200,279,75
798656,57,27
110139,112,44
298978,1180,174
590172,14,31
788205,1234,57
792666,22,83
8159,20,48
287486,3149,391
464420,0,0
252194,29,60
301412,0,0
502620,1,0
627678,9,26
17720,38,28
240395,0,0
214309,0,0
296982,12,36
300983,0,0
445518,1,1
827086,705,35
65165,50,95
575882,67,40
107894,97,45
151702,0,0
568379,3276,41
798959,0,0
106938,0,0
126638,1,0
423071,4205,47
484404,12,28
647520,1,0
667157,266,19
718301,1,0
804261,19,31
60123,0,0
69037,2,0
144607,97,1505
379046,835,148
563631,62,45
52877,0,0
79179,0,0
355145,0,0
394751,0,0
658123,0,0
35899,72,50
159742,0,0
403047,0,0
455450,0,0
560667,0,0
597765,15,53
707772,0,0
734750,0,0
856628,78,87
130060,0,0
247386,9,15
446833,3421,45
841456,171,95
864284,210,611
120455,0,0
219999,2901,34
426475,1239,35
514037,65,18
596766,32,54
700371,0,0
786164,1,0
56752,39,34
151789,5317,58
221995,1,0
281231,0,0
376811,447,50
452782,176,89
609935,0,0
38759,3495,17
88894,59,51
288194,11,15
538659,26,29
787994,1,1
38626,25,43
259592,805,236
366248,57,22
575554,0,0
785251,17,39
200148,77,59
353582,47,33
484907,30,30
491858,61,2
696037,0,0
756584,0,0
494193,11,29
512152,139,95
98990,76,38
151173,28,37
200509,0,0
263849,0,0
378808,0,0
410622,0,0
441204,2376,29
585628,0,0
637825,0,0
761072,20,63
162468,86,44
584550,102,133
624600,80,44
745000,69,76
752396,14,20
14836,0,0
170356,24,28
308557,29,40
588545,0,0
655598,0,0
768293,3,0
25536,2603,52
76794,367,237
204425,1,0
238217,0,0
301768,9,3
318002,167,28
473950,80,193
649493,77,47
699464,18,21
725119,0,1
727062,1744,51
733348,9,40
196398,5,8
361233,0,0
450372,3763,53
458194,0,0
461638,0,0
559114,2072,51
661544,0,0
666062,7167,36
775047,16,26
104560,0,0
116624,180,6
289673,70,50
327591,1320,45
460998,130,78
561831,65,18
687221,1,0
712704,16,93
131534,0,0
247463,0,1
271230,1,0
627986,39,65
111279,33,28
479359,75,70
557704,65,87
586513,1,0
770303,112,217
844241,38,58
59296,0,0
140943,83,42
161012,0,0
367445,80,52
718368,1,0
760247,243,40
855394,0,0
225191,37,39
656939,0,0
828913,18,47
210841,50,30
214948,3091,41
246448,50,5
384860,12,21
434743,13,44
538267,0,0
544641,37,85
575689,18,42
640175,0,0
759507,22,2439
145324,9204,114
274361,0,0
306837,0,0
331970,0,0
409437,0,0
456157,180,61
474081,13,56
524477,58,97
668770,49,25
860466,171,41
63143,0,0
74957,53,177
226068,0,0
357735,166,32
392022,15,28
592275,0,0
756069,58,58
798280,35,2
204621,76,102
226773,0,0
553968,43,57
595581,51,27
660348,36,82
774994,2,0
100115,127,19
178490,28,51
183351,0,0
191886,58,97
210013,0,1
312279,58,110
317949,101,59
348820,0,0
408157,0,0
628181,215,3
692802,57,54
830047,0,0
508265,39,80
619588,67,46
626733,71,0
700942,83,21
249593,67,52
306240,0,0
322429,73,93
418670,0,0
427389,2955,133
471170,68,90
551455,77,51
621710,29,37
672523,0,1
836,154,153
35113,49,42
424095,93,125
474914,86,47
861132,61,75
879125,0,0
218102,0,0
298655,25,49
574138,668,48
605139,14,180
615203,0,0
2215,0,0
32300,205,36
150011,7,28
241800,0,0
254241,0,0
279494,126,65
330635,34,14
403359,0,0
577426,0,0
736206,0,0
196134,68,15
416104,5772,12293
422203,0,0
427795,42,36
548885,89,72
587491,1,1
597967,3554,28
621182,5,9
858094,18,38
50899,0,0
191038,1,0
192382,0,0
228152,23,36
312403,32,44
565805,0,0
881337,32,42
87144,33,75
426462,20,47
538261,23,63
583055,74,162
616460,17,52
255741,35,3
347137,5,9
356663,0,0
380368,0,0
396105,0,0
407215,15,50
410897,27,46
477410,39,19
506150,25,75
515379,0,0
523731,52,36
622045,52,109
765547,0,1
780235,12,11
153274,17,31
196851,21,46
208697,56,65
324307,0,0
382493,86,8
405452,15,24
437547,74,9
507094,0,0
606291,1,0
656762,0,0
672984,0,0
713078,119,0
8670,30,82
20117,0,0
25867,0,0
78631,0,0
99738,25,45
212411,0,0
351375,6,18
437668,13,32
466353,50,75
493561,0,0
51357,0,0
143150,0,1
169838,20,96
206432,0,0
232244,128,81
233745,157,94
257210,12,45
393212,0,0
467731,13,31
600373,0,0
795682,1233,138
299621,1,0
369279,41,67
565218,0,1
738592,92,69
240373,0,0
263460,41,56
304601,11,19
599383,136,53
633780,0,2
204759,0,0
414628,0,0
625447,111,40
315268,32,21
567478,43,50
732400,0,0
863903,24,54
122129,1,0
452521,59,69
464867,0,0
581569,0,0
613016,0,0
561344,1,8
838379,0,0
839023,1,0
110823,0,0
461471,1,0
484389,57,98
736212,1,0
859634,0,0
